M,V_euro,V_amer,premium
12,3.564458955679557,3.8760453784676354,0.31158642278807847
24,3.4936499644970263,3.9531232085918364,0.45947324409481016
52,3.469114603734776,4.073902047478855,0.6047874437440788
